frame,type,bytes,slice_bytes,slice_qp,srcf,off,br_kbps,slot,flag,sw7,sw7_initqp,sw7_frameqp,sw105,sw106,sw107,sw172,sw173,sw243,sw244,sw247,sw6,sw22,sw11
0,I,23771,23675,35,0,4,2000,1,,0x90002300,36,35,0x00000000,0x00000000,0x00000000,0x0000014f,0x00000662,0x00000000,0x00000000,0x00000000,0x0020000b,0x0000000c,0x00000000
1,P,562,558,38,1,8,2000,2,,0x90002600,36,38,0x00000000,0x00000000,0x00000000,0x0000014f,0x0000066a,0x0328f000,0x00001400,0x00049042,0x00200003,0x0000000c,0x00000001
2,P,298,294,40,2,12,2000,3,,0x90002800,36,40,0x00000000,0x00000000,0x00000000,0x0000014f,0x0000066a,0x00405000,0x00000400,0x0001a6c2,0x00200003,0x0000000c,0x00000002
3,P,311,307,41,3,16,2000,4,,0x90002900,36,41,0x00000000,0x00000000,0x00000000,0x0000014f,0x0000066a,0x00400800,0x00000400,0x00018f02,0x00200003,0x0000000c,0x00000003
4,P,244,240,42,4,20,2000,5,,0x90002a00,36,42,0x00000000,0x00000000,0x00000000,0x0000014f,0x0000066a,0x00400800,0x00000400,0x00019c02,0x00200003,0x0000000c,0x00000004
5,P,172,168,43,5,24,2000,6,,0x90002b00,36,43,0x00000000,0x00000000,0x00000000,0x0000014f,0x0000066a,0x00400800,0x00000400,0x0001a202,0x00200003,0x0000000c,0x00000005
6,P,111,107,44,6,28,2000,7,,0x90002c00,36,44,0x00000000,0x00000000,0x00000000,0x0000014f,0x0000066a,0x00400800,0x00000400,0x0001a042,0x00200003,0x0000000c,0x00000006
7,P,93,89,45,7,32,2000,1,,0x90002d00,36,45,0x00000000,0x00000000,0x00000000,0x0000014f,0x0000066a,0x00400800,0x00000400,0x0001a282,0x00200003,0x0000000c,0x00000007
8,P,81,77,46,8,36,2000,2,,0x90002e00,36,46,0x00000000,0x00000000,0x00000000,0x0000014f,0x0000066a,0x00400800,0x00000400,0x0001a282,0x00200003,0x0000000c,0x00000008
9,P,93,89,47,9,40,2000,3,,0x90002f00,36,47,0x00000000,0x00000000,0x00000000,0x0000014f,0x0000066a,0x00400800,0x00000400,0x0001a442,0x00200003,0x0000000c,0x00000009
10,P,91,87,48,10,44,2000,4,,0x90003000,36,48,0x00000000,0x00000000,0x00000000,0x0000014f,0x0000066a,0x00400800,0x00000400,0x0001ad42,0x00200003,0x0000000c,0x0000000a
11,P,95,91,49,11,48,2000,5,,0x90003100,36,49,0x00000000,0x00000000,0x00000000,0x0000014f,0x0000066a,0x00400800,0x00000400,0x0001b082,0x00200003,0x0000000c,0x0000000b
12,P,144,140,50,12,52,2000,6,,0x90003200,36,50,0x00000000,0x00000000,0x00000000,0x0000014f,0x0000066a,0x00400800,0x00000400,0x0001b042,0x00200003,0x0000000c,0x0000000c
13,P,132,128,51,13,56,2000,7,,0x90003300,36,51,0x00000000,0x00000000,0x00000000,0x0000014f,0x0000066a,0x00400800,0x00000400,0x0001c702,0x00200003,0x0000000c,0x0000000d
14,P,115,111,51,14,60,2000,1,,0x90003300,36,51,0x00000000,0x00000000,0x00000000,0x0000014f,0x0000066a,0x00400800,0x00000400,0x0001d1c2,0x00200003,0x0000000c,0x0000000e
15,P,123,119,51,15,64,2000,2,,0x90003300,36,51,0x00000000,0x00000000,0x00000000,0x0000014f,0x0000066a,0x00400800,0x00000400,0x0001e282,0x00200003,0x0000000c,0x0000000f
16,P,116,112,51,16,68,2000,3,,0x90003300,36,51,0x00000000,0x00000000,0x00000000,0x0000014f,0x0000066a,0x00400800,0x00000400,0x0001ec02,0x00200003,0x0000000c,0x00000010
17,P,102,98,51,17,72,2000,4,,0x90003300,36,51,0x00000000,0x00000000,0x00000000,0x0000014f,0x0000066a,0x00400800,0x00000400,0x0001f202,0x00200003,0x0000000c,0x00000011
18,P,112,108,51,18,76,2000,5,,0x90003300,36,51,0x00000000,0x00000000,0x00000000,0x0000014f,0x0000066a,0x00400800,0x00000400,0x0001ee42,0x00200003,0x0000000c,0x00000012
19,P,151,147,51,19,80,2000,6,,0x90003300,36,51,0x00000000,0x00000000,0x00000000,0x0000014f,0x0000066a,0x00400800,0x00000400,0x0001f5c2,0x00200003,0x0000000c,0x00000013
20,P,250,246,51,20,84,2000,7,,0x90003300,36,51,0x00000000,0x00000000,0x00000000,0x0000014f,0x0000066a,0x00400800,0x00000400,0x00020382,0x00200003,0x0000000c,0x00000014
21,P,108,104,51,21,88,2000,1,,0x90003300,36,51,0x00000000,0x00000000,0x00000000,0x0000014f,0x0000066a,0x00400800,0x00000400,0x00020f82,0x00200003,0x0000000c,0x00000015
22,P,128,124,51,22,92,2000,2,,0x90003300,36,51,0x00000000,0x00000000,0x00000000,0x0000014f,0x0000066a,0x00400800,0x00000400,0x0001f682,0x00200003,0x0000000c,0x00000016
23,P,241,237,51,23,96,2000,3,,0x90003300,36,51,0x00000000,0x00000000,0x00000000,0x0000014f,0x0000066a,0x00400800,0x00000400,0x00020202,0x00200003,0x0000000c,0x00000017
24,P,173,169,51,24,100,2000,4,,0x90003300,36,51,0x00000000,0x00000000,0x00000000,0x0000014f,0x0000066a,0x00400800,0x00000400,0x00021c42,0x00200003,0x0000000c,0x00000018
25,P,163,159,51,25,104,2000,5,,0x90003300,36,51,0x00000000,0x00000000,0x00000000,0x0000014f,0x0000066a,0x00400800,0x00000400,0x00022bc2,0x00200003,0x0000000c,0x00000019
26,P,196,192,51,26,108,2000,6,,0x90003300,36,51,0x00000000,0x00000000,0x00000000,0x0000014f,0x0000066a,0x00400800,0x00000400,0x00023ec2,0x00200003,0x0000000c,0x0000001a
27,P,143,139,51,27,112,2000,7,,0x90003300,36,51,0x00000000,0x00000000,0x00000000,0x0000014f,0x0000066a,0x00400800,0x00000400,0x00023c02,0x00200003,0x0000000c,0x0000001b
28,P,174,170,51,28,116,2000,1,,0x90003300,36,51,0x00000000,0x00000000,0x00000000,0x0000014f,0x0000066a,0x00400800,0x00000400,0x000244c2,0x00200003,0x0000000c,0x0000001c
29,P,187,183,51,29,120,2000,2,,0x90003300,36,51,0x00000000,0x00000000,0x00000000,0x0000014f,0x0000066a,0x00400800,0x00000400,0x000277c2,0x00200003,0x0000000c,0x0000001d
30,I,22044,21948,36,28,124,2000,3,,0x90002400,36,36,0x00000000,0x00000000,0x00000000,0x0000014f,0x00000662,0x0328f000,0x00001400,0x00049042,0x0020000b,0x0000000c,0x00000000
31,P,1023,1019,37,27,128,2000,4,,0x90002500,36,37,0x00000000,0x00000000,0x00000000,0x0000014f,0x0000066a,0x00400800,0x00000400,0x00029842,0x00200003,0x0000000c,0x00000001
32,P,366,362,39,26,132,2000,5,,0x90002700,36,39,0x00000000,0x00000000,0x00000000,0x0000014f,0x0000066a,0x00537800,0x001d9c00,0x0001dbc2,0x00200003,0x0000000c,0x00000002
33,P,385,381,40,25,136,2000,6,,0x90002800,36,40,0x00000000,0x00000000,0x00000000,0x0000014f,0x0000066a,0x00500800,0x000a8000,0x0001c382,0x00200003,0x0000000c,0x00000003
34,P,296,292,42,24,140,2000,7,,0x90002a00,36,42,0x00000000,0x00000000,0x00000000,0x0000014f,0x0000066a,0x00401000,0x00001400,0x0001cb02,0x00200003,0x0000000c,0x00000004
35,P,221,217,43,23,144,2000,1,,0x90002b00,36,43,0x00000000,0x00000000,0x00000000,0x0000014f,0x0000066a,0x00500800,0x00300000,0x0001d102,0x00200003,0x0000000c,0x00000005
36,P,142,138,44,22,148,2000,2,,0x90002c00,36,44,0x00000000,0x00000000,0x00000000,0x0000014f,0x0000066a,0x00400800,0x00000400,0x0001d202,0x00200003,0x0000000c,0x00000006
37,P,108,104,45,21,152,2000,3,,0x90002d00,36,45,0x00000000,0x00000000,0x00000000,0x0000014f,0x0000066a,0x00400800,0x00000400,0x0001d002,0x00200003,0x0000000c,0x00000007
38,P,91,87,46,20,156,2000,4,,0x90002e00,36,46,0x00000000,0x00000000,0x00000000,0x0000014f,0x0000066a,0x00400800,0x00000400,0x0001cf42,0x00200003,0x0000000c,0x00000008
39,P,81,77,46,19,160,2000,5,,0x90002e00,36,46,0x00000000,0x00000000,0x00000000,0x0000014f,0x0000066a,0x00400800,0x00000400,0x0001d742,0x00200003,0x0000000c,0x00000009
40,P,97,93,46,18,164,2000,6,,0x90002e00,36,46,0x00000000,0x00000000,0x00000000,0x0000014f,0x0000066a,0x00400800,0x00000400,0x0001d982,0x00200003,0x0000000c,0x0000000a
41,P,141,137,46,17,168,2000,7,,0x90002e00,36,46,0x00000000,0x00000000,0x00000000,0x0000014f,0x0000066a,0x00400800,0x00000400,0x0001e302,0x00200003,0x0000000c,0x0000000b
42,P,203,199,46,16,172,2000,1,,0x90002e00,36,46,0x00000000,0x00000000,0x00000000,0x0000014f,0x0000066a,0x00400800,0x00000400,0x0001e882,0x00200003,0x0000000c,0x0000000c
43,P,124,120,46,15,176,2000,2,,0x90002e00,36,46,0x00000000,0x00000000,0x00000000,0x0000014f,0x0000066a,0x00400800,0x00000400,0x0001edc2,0x00200003,0x0000000c,0x0000000d
44,P,136,132,46,14,180,2000,3,,0x90002e00,36,46,0x00000000,0x00000000,0x00000000,0x0000014f,0x0000066a,0x00400800,0x00000400,0x0001ef02,0x00200003,0x0000000c,0x0000000e
45,P,115,111,46,13,184,2000,4,,0x90002e00,36,46,0x00000000,0x00000000,0x00000000,0x0000014f,0x0000066a,0x00400800,0x00000400,0x0001fb42,0x00200003,0x0000000c,0x0000000f
46,P,96,92,46,12,188,2000,5,,0x90002e00,36,46,0x00000000,0x00000000,0x00000000,0x0000014f,0x0000066a,0x00400800,0x00000400,0x0001fe42,0x00200003,0x0000000c,0x00000010
47,P,94,90,46,11,192,2000,6,,0x90002e00,36,46,0x00000000,0x00000000,0x00000000,0x0000014f,0x0000066a,0x00400800,0x00000400,0x0001fbc2,0x00200003,0x0000000c,0x00000011
48,P,115,111,46,10,196,2000,7,,0x90002e00,36,46,0x00000000,0x00000000,0x00000000,0x0000014f,0x0000066a,0x00400800,0x00000400,0x0001ffc2,0x00200003,0x0000000c,0x00000012
49,P,149,145,46,9,200,2000,1,,0x90002e00,36,46,0x00000000,0x00000000,0x00000000,0x0000014f,0x0000066a,0x00400800,0x00000400,0x000202c2,0x00200003,0x0000000c,0x00000013
50,P,143,139,46,8,204,2000,2,,0x90002e00,36,46,0x00000000,0x00000000,0x00000000,0x0000014f,0x0000066a,0x00400800,0x00000400,0x00020682,0x00200003,0x0000000c,0x00000014
51,P,163,159,46,7,208,2000,3,,0x90002e00,36,46,0x00000000,0x00000000,0x00000000,0x0000014f,0x0000066a,0x00400800,0x00000400,0x00020bc2,0x00200003,0x0000000c,0x00000015
52,P,165,161,46,6,212,2000,4,,0x90002e00,36,46,0x00000000,0x00000000,0x00000000,0x0000014f,0x0000066a,0x00400800,0x00000400,0x00020f02,0x00200003,0x0000000c,0x00000016
53,P,130,126,46,5,216,2000,5,,0x90002e00,36,46,0x00000000,0x00000000,0x00000000,0x0000014f,0x0000066a,0x00400800,0x00000400,0x00020fc2,0x00200003,0x0000000c,0x00000017
54,P,160,156,46,4,220,2000,6,,0x90002e00,36,46,0x00000000,0x00000000,0x00000000,0x0000014f,0x0000066a,0x00400800,0x00000400,0x00021b02,0x00200003,0x0000000c,0x00000018
55,P,138,134,46,3,224,2000,7,,0x90002e00,36,46,0x00000000,0x00000000,0x00000000,0x0000014f,0x0000066a,0x00400800,0x00000400,0x00022582,0x00200003,0x0000000c,0x00000019
56,P,103,99,46,2,228,2000,1,,0x90002e00,36,46,0x00000000,0x00000000,0x00000000,0x0000014f,0x0000066a,0x00400800,0x00000400,0x000221c2,0x00200003,0x0000000c,0x0000001a
57,P,149,145,46,1,232,2000,2,,0x90002e00,36,46,0x00000000,0x00000000,0x00000000,0x0000014f,0x0000066a,0x00400800,0x00000400,0x00022402,0x00200003,0x0000000c,0x0000001b
58,P,147,143,46,0,236,2000,3,,0x90002e00,36,46,0x00000000,0x00000000,0x00000000,0x0000014f,0x0000066a,0x00400800,0x00000400,0x00022302,0x00200003,0x0000000c,0x0000001c
59,P,135,131,46,1,240,2000,4,,0x90002e00,36,46,0x00000000,0x00000000,0x00000000,0x0000014f,0x0000066a,0x00400800,0x00000400,0x00022482,0x00200003,0x0000000c,0x0000001d
60,I,22233,22137,36,2,244,2000,5,,0x90002400,36,36,0x00000000,0x00000000,0x00000000,0x0000014f,0x00000662,0x04862000,0x00001000,0x0004a842,0x0020000b,0x0000000c,0x00000000
61,P,994,990,37,3,248,2000,6,,0x90002500,36,37,0x00000000,0x00000000,0x00000000,0x0000014f,0x0000066a,0x00400800,0x00000400,0x00022082,0x00200003,0x0000000c,0x00000001
62,P,505,501,39,4,252,2000,7,,0x90002700,36,39,0x00000000,0x00000000,0x00000000,0x0000014f,0x0000066a,0x00560000,0x000b0400,0x0001e7c2,0x00200003,0x0000000c,0x00000002
63,P,261,257,41,5,256,2000,1,,0x90002900,36,41,0x00000000,0x00000000,0x00000000,0x0000014f,0x0000066a,0x0047a000,0x00052400,0x0001d302,0x00200003,0x0000000c,0x00000003
64,P,234,230,42,6,260,2000,2,,0x90002a00,36,42,0x00000000,0x00000000,0x00000000,0x0000014f,0x0000066a,0x00441000,0x00047800,0x0001d7c2,0x00200003,0x0000000c,0x00000004
65,P,150,146,43,7,264,2000,3,,0x90002b00,36,43,0x00000000,0x00000000,0x00000000,0x0000014f,0x0000066a,0x00441000,0x000bfc00,0x0001d242,0x00200003,0x0000000c,0x00000005
66,P,141,137,44,8,268,2000,4,,0x90002c00,36,44,0x00000000,0x00000000,0x00000000,0x0000014f,0x0000066a,0x00400800,0x00000400,0x0001d042,0x00200003,0x0000000c,0x00000006
67,P,127,123,45,9,272,2000,5,,0x90002d00,36,45,0x00000000,0x00000000,0x00000000,0x0000014f,0x0000066a,0x00400800,0x00000400,0x0001d182,0x00200003,0x0000000c,0x00000007
68,P,106,102,46,10,276,2000,6,,0x90002e00,36,46,0x00000000,0x00000000,0x00000000,0x0000014f,0x0000066a,0x00400800,0x00000400,0x0001d2c2,0x00200003,0x0000000c,0x00000008
69,P,97,93,46,11,280,2000,7,,0x90002e00,36,46,0x00000000,0x00000000,0x00000000,0x0000014f,0x0000066a,0x00400800,0x00000400,0x0001d2c2,0x00200003,0x0000000c,0x00000009
70,P,109,105,46,12,284,2000,1,,0x90002e00,36,46,0x00000000,0x00000000,0x00000000,0x0000014f,0x0000066a,0x00400800,0x00000400,0x0001d382,0x00200003,0x0000000c,0x0000000a
71,P,141,137,46,13,288,2000,2,,0x90002e00,36,46,0x00000000,0x00000000,0x00000000,0x0000014f,0x0000066a,0x00400800,0x00000400,0x0001d842,0x00200003,0x0000000c,0x0000000b
72,P,149,145,46,14,292,2000,3,,0x90002e00,36,46,0x00000000,0x00000000,0x00000000,0x0000014f,0x0000066a,0x00400800,0x00000400,0x0001e102,0x00200003,0x0000000c,0x0000000c
73,P,121,117,46,15,296,2000,4,,0x90002e00,36,46,0x00000000,0x00000000,0x00000000,0x0000014f,0x0000066a,0x00400800,0x00000400,0x0001e482,0x00200003,0x0000000c,0x0000000d
74,P,153,149,46,16,300,2000,5,,0x90002e00,36,46,0x00000000,0x00000000,0x00000000,0x0000014f,0x0000066a,0x00400800,0x00000400,0x0001e782,0x00200003,0x0000000c,0x0000000e
75,P,115,111,46,17,304,2000,6,,0x90002e00,36,46,0x00000000,0x00000000,0x00000000,0x0000014f,0x0000066a,0x00500800,0x004b2c00,0x0001f702,0x00200003,0x0000000c,0x0000000f
76,P,136,132,46,18,308,2000,7,,0x90002e00,36,46,0x00000000,0x00000000,0x00000000,0x0000014f,0x0000066a,0x00400800,0x00000400,0x0001e7c2,0x00200003,0x0000000c,0x00000010
77,P,129,125,46,19,312,2000,1,,0x90002e00,36,46,0x00000000,0x00000000,0x00000000,0x0000014f,0x0000066a,0x00400800,0x00000400,0x0001ebc2,0x00200003,0x0000000c,0x00000011
78,P,142,138,46,20,316,2000,2,,0x90002e00,36,46,0x00000000,0x00000000,0x00000000,0x0000014f,0x0000066a,0x00400800,0x00000400,0x0001ec42,0x00200003,0x0000000c,0x00000012
79,P,118,114,46,21,320,2000,3,,0x90002e00,36,46,0x00000000,0x00000000,0x00000000,0x0000014f,0x0000066a,0x00400800,0x00000400,0x0001eb02,0x00200003,0x0000000c,0x00000013
80,P,134,130,46,22,324,2000,4,,0x90002e00,36,46,0x00000000,0x00000000,0x00000000,0x0000014f,0x0000066a,0x00400800,0x00000400,0x0001ebc2,0x00200003,0x0000000c,0x00000014
81,P,159,155,46,23,328,2000,5,,0x90002e00,36,46,0x00000000,0x00000000,0x00000000,0x0000014f,0x0000066a,0x00400800,0x00000400,0x0001ee82,0x00200003,0x0000000c,0x00000015
82,P,130,126,46,24,332,2000,6,,0x90002e00,36,46,0x00000000,0x00000000,0x00000000,0x0000014f,0x0000066a,0x00400800,0x00000400,0x0001f982,0x00200003,0x0000000c,0x00000016
83,P,166,162,46,25,336,2000,7,,0x90002e00,36,46,0x00000000,0x00000000,0x00000000,0x0000014f,0x0000066a,0x00400800,0x00000400,0x0001fcc2,0x00200003,0x0000000c,0x00000017
84,P,167,163,46,26,340,2000,1,,0x90002e00,36,46,0x00000000,0x00000000,0x00000000,0x0000014f,0x0000066a,0x00400800,0x00000400,0x000209c2,0x00200003,0x0000000c,0x00000018
85,P,140,136,46,27,344,2000,2,,0x90002e00,36,46,0x00000000,0x00000000,0x00000000,0x0000014f,0x0000066a,0x00400800,0x00000400,0x00020c82,0x00200003,0x0000000c,0x00000019
86,P,182,178,46,28,348,2000,3,,0x90002e00,36,46,0x00000000,0x00000000,0x00000000,0x0000014f,0x0000066a,0x00400800,0x00000400,0x00020dc2,0x00200003,0x0000000c,0x0000001a
87,P,150,146,46,29,352,2000,4,,0x90002e00,36,46,0x00000000,0x00000000,0x00000000,0x0000014f,0x0000066a,0x00400800,0x00000400,0x00021802,0x00200003,0x0000000c,0x0000001b
88,P,140,136,46,28,356,2000,5,,0x90002e00,36,46,0x00000000,0x00000000,0x00000000,0x0000014f,0x0000066a,0x00400800,0x00000400,0x00020f82,0x00200003,0x0000000c,0x0000001c
89,P,151,147,46,27,360,2000,6,,0x90002e00,36,46,0x00000000,0x00000000,0x00000000,0x0000014f,0x0000066a,0x00400800,0x00000400,0x000211c2,0x00200003,0x0000000c,0x0000001d
90,I,22115,22019,36,26,364,2000,7,,0x90002400,36,36,0x00000000,0x00000000,0x00000000,0x0000014f,0x00000662,0x046a3800,0x00000c00,0x0004d5c2,0x0020000b,0x0000000c,0x00000000
91,P,1068,1064,37,25,368,2000,1,,0x90002500,36,37,0x00000000,0x00000000,0x00000000,0x0000014f,0x0000066a,0x00400800,0x00000400,0x00021142,0x00200003,0x0000000c,0x00000001
92,P,351,347,39,24,372,2000,2,,0x90002700,36,39,0x00000000,0x00000000,0x00000000,0x0000014f,0x0000066a,0x007f1000,0x000fa800,0x0001eb42,0x00200003,0x0000000c,0x00000002
93,P,251,247,40,23,376,2000,3,,0x90002800,36,40,0x00000000,0x00000000,0x00000000,0x0000014f,0x0000066a,0x00410800,0x0002a400,0x0001cc02,0x00200003,0x0000000c,0x00000003
94,P,193,189,41,22,380,2000,4,,0x90002900,36,41,0x00000000,0x00000000,0x00000000,0x0000014f,0x0000066a,0x00410800,0x00035c00,0x0001c982,0x00200003,0x0000000c,0x00000004
95,P,138,134,42,21,384,2000,5,,0x90002a00,36,42,0x00000000,0x00000000,0x00000000,0x0000014f,0x0000066a,0x00400800,0x00000400,0x0001c642,0x00200003,0x0000000c,0x00000005
96,P,132,128,43,20,388,2000,6,,0x90002b00,36,43,0x00000000,0x00000000,0x00000000,0x0000014f,0x0000066a,0x00400800,0x00000400,0x0001c642,0x00200003,0x0000000c,0x00000006
97,P,104,100,44,19,392,2000,7,,0x90002c00,36,44,0x00000000,0x00000000,0x00000000,0x0000014f,0x0000066a,0x00400800,0x00000400,0x0001c302,0x00200003,0x0000000c,0x00000007
98,P,99,95,45,18,396,2000,1,,0x90002d00,36,45,0x00000000,0x00000000,0x00000000,0x0000014f,0x0000066a,0x00400800,0x00000400,0x0001c5c2,0x00200003,0x0000000c,0x00000008
99,P,124,120,46,17,400,2000,2,,0x90002e00,36,46,0x00000000,0x00000000,0x00000000,0x0000014f,0x0000066a,0x00400800,0x00000400,0x0001c7c2,0x00200003,0x0000000c,0x00000009
100,P,128,124,46,16,404,2000,3,,0x90002e00,36,46,0x00000000,0x00000000,0x00000000,0x0000014f,0x0000066a,0x00400800,0x00000400,0x0001d282,0x00200003,0x0000000c,0x0000000a
101,P,138,134,46,15,408,2000,4,,0x90002e00,36,46,0x00000000,0x00000000,0x00000000,0x0000014f,0x0000066a,0x00400800,0x00000400,0x0001d482,0x00200003,0x0000000c,0x0000000b
102,P,146,142,46,14,412,2000,5,,0x90002e00,36,46,0x00000000,0x00000000,0x00000000,0x0000014f,0x0000066a,0x00400800,0x00000400,0x0001dc82,0x00200003,0x0000000c,0x0000000c
103,P,122,118,46,13,416,2000,6,,0x90002e00,36,46,0x00000000,0x00000000,0x00000000,0x0000014f,0x0000066a,0x00400800,0x00000400,0x0001e142,0x00200003,0x0000000c,0x0000000d
104,P,154,150,46,12,420,2000,7,,0x90002e00,36,46,0x00000000,0x00000000,0x00000000,0x0000014f,0x0000066a,0x00400800,0x00000400,0x0001eec2,0x00200003,0x0000000c,0x0000000e
105,P,129,125,46,11,424,2000,1,,0x90002e00,36,46,0x00000000,0x00000000,0x00000000,0x0000014f,0x0000066a,0x00400800,0x00000400,0x0001f642,0x00200003,0x0000000c,0x0000000f
106,P,107,103,46,10,428,2000,2,,0x90002e00,36,46,0x00000000,0x00000000,0x00000000,0x0000014f,0x0000066a,0x00400800,0x00000400,0x0001f382,0x00200003,0x0000000c,0x00000010
107,P,132,128,46,9,432,2000,3,,0x90002e00,36,46,0x00000000,0x00000000,0x00000000,0x0000014f,0x0000066a,0x00400800,0x00000400,0x0001f1c2,0x00200003,0x0000000c,0x00000011
108,P,128,124,46,8,436,2000,4,,0x90002e00,36,46,0x00000000,0x00000000,0x00000000,0x0000014f,0x0000066a,0x00400800,0x00000400,0x0001f1c2,0x00200003,0x0000000c,0x00000012
109,P,110,106,46,7,440,2000,5,,0x90002e00,36,46,0x00000000,0x00000000,0x00000000,0x0000014f,0x0000066a,0x00400800,0x00000400,0x0001f7c2,0x00200003,0x0000000c,0x00000013
110,P,126,122,46,6,444,2000,6,,0x90002e00,36,46,0x00000000,0x00000000,0x00000000,0x0000014f,0x0000066a,0x00400800,0x00000400,0x0001fb42,0x00200003,0x0000000c,0x00000014
111,P,147,143,46,5,448,2000,7,,0x90002e00,36,46,0x00000000,0x00000000,0x00000000,0x0000014f,0x0000066a,0x00400800,0x00000400,0x0001ff02,0x00200003,0x0000000c,0x00000015
112,P,169,165,46,4,452,2000,1,,0x90002e00,36,46,0x00000000,0x00000000,0x00000000,0x0000014f,0x0000066a,0x00400800,0x00000400,0x000208c2,0x00200003,0x0000000c,0x00000016
113,P,155,151,46,3,456,2000,2,,0x90002e00,36,46,0x00000000,0x00000000,0x00000000,0x0000014f,0x0000066a,0x00400800,0x00000400,0x000214c2,0x00200003,0x0000000c,0x00000017
114,P,137,133,46,2,460,2000,3,,0x90002e00,36,46,0x00000000,0x00000000,0x00000000,0x0000014f,0x0000066a,0x00400800,0x00000400,0x000221c2,0x00200003,0x0000000c,0x00000018
115,P,126,122,46,1,464,2000,4,,0x90002e00,36,46,0x00000000,0x00000000,0x00000000,0x0000014f,0x0000066a,0x00400800,0x00000400,0x000227c2,0x00200003,0x0000000c,0x00000019
116,P,119,115,46,0,468,2000,5,,0x90002e00,36,46,0x00000000,0x00000000,0x00000000,0x0000014f,0x0000066a,0x00400800,0x00000400,0x00022382,0x00200003,0x0000000c,0x0000001a
117,P,135,131,46,1,472,2000,6,,0x90002e00,36,46,0x00000000,0x00000000,0x00000000,0x0000014f,0x0000066a,0x00400800,0x00000400,0x00022682,0x00200003,0x0000000c,0x0000001b
118,P,135,131,46,2,476,2000,7,,0x90002e00,36,46,0x00000000,0x00000000,0x00000000,0x0000014f,0x0000066a,0x00400800,0x00000400,0x00022cc2,0x00200003,0x0000000c,0x0000001c
119,P,131,127,46,3,480,2000,1,,0x90002e00,36,46,0x00000000,0x00000000,0x00000000,0x0000014f,0x0000066a,0x00400800,0x00000400,0x00023282,0x00200003,0x0000000c,0x0000001d
120,I,22209,22113,36,4,484,2000,2,,0x90002400,36,36,0x00000000,0x00000000,0x00000000,0x0000014f,0x00000662,0x0473b000,0x00000400,0x0004d702,0x0020000b,0x0000000c,0x00000000
121,P,992,988,37,5,488,2000,3,,0x90002500,36,37,0x00000000,0x00000000,0x00000000,0x0000014f,0x0000066a,0x00400800,0x00000400,0x00023bc2,0x00200003,0x0000000c,0x00000001
122,P,375,371,39,6,492,2000,4,,0x90002700,36,39,0x00000000,0x00000000,0x00000000,0x0000014f,0x0000066a,0x00589800,0x001c2400,0x0001d8c2,0x00200003,0x0000000c,0x00000002
123,P,161,157,41,7,496,2000,5,,0x90002900,36,41,0x00000000,0x00000000,0x00000000,0x0000014f,0x0000066a,0x00495800,0x00055400,0x0001b802,0x00200003,0x0000000c,0x00000003
124,P,135,131,42,8,500,2000,6,,0x90002a00,36,42,0x00000000,0x00000000,0x00000000,0x0000014f,0x0000066a,0x00400800,0x00000400,0x0001b282,0x00200003,0x0000000c,0x00000004
125,P,119,115,43,9,504,2000,7,,0x90002b00,36,43,0x00000000,0x00000000,0x00000000,0x0000014f,0x0000066a,0x00400800,0x00000400,0x0001af82,0x00200003,0x0000000c,0x00000005
126,P,100,96,44,10,508,2000,1,,0x90002c00,36,44,0x00000000,0x00000000,0x00000000,0x0000014f,0x0000066a,0x00400800,0x00000400,0x0001b142,0x00200003,0x0000000c,0x00000006
127,P,121,117,45,11,512,2000,2,,0x90002d00,36,45,0x00000000,0x00000000,0x00000000,0x0000014f,0x0000066a,0x00400800,0x00000400,0x0001b102,0x00200003,0x0000000c,0x00000007
128,P,97,93,46,12,516,2000,3,,0x90002e00,36,46,0x00000000,0x00000000,0x00000000,0x0000014f,0x0000066a,0x00400800,0x00000400,0x0001b782,0x00200003,0x0000000c,0x00000008
129,P,118,114,46,13,520,2000,4,,0x90002e00,36,46,0x00000000,0x00000000,0x00000000,0x0000014f,0x0000066a,0x00400800,0x00000400,0x0001b642,0x00200003,0x0000000c,0x00000009
130,P,103,99,46,14,524,2000,5,,0x90002e00,36,46,0x00000000,0x00000000,0x00000000,0x0000014f,0x0000066a,0x00400800,0x00000400,0x0001bdc2,0x00200003,0x0000000c,0x0000000a
131,P,101,97,46,15,528,2000,6,,0x90002e00,36,46,0x00000000,0x00000000,0x00000000,0x0000014f,0x0000066a,0x00400800,0x00000400,0x0001b9c2,0x00200003,0x0000000c,0x0000000b
132,P,94,90,46,16,532,2000,7,,0x90002e00,36,46,0x00000000,0x00000000,0x00000000,0x0000014f,0x0000066a,0x00400800,0x00000400,0x0001b882,0x00200003,0x0000000c,0x0000000c
133,P,112,108,46,17,536,2000,1,,0x90002e00,36,46,0x00000000,0x00000000,0x00000000,0x0000014f,0x0000066a,0x00400800,0x00000400,0x0001bac2,0x00200003,0x0000000c,0x0000000d
134,P,145,141,46,18,540,2000,2,,0x90002e00,36,46,0x00000000,0x00000000,0x00000000,0x0000014f,0x0000066a,0x00400800,0x00000400,0x0001bc02,0x00200003,0x0000000c,0x0000000e
135,P,160,156,46,19,544,2000,3,,0x90002e00,36,46,0x00000000,0x00000000,0x00000000,0x0000014f,0x0000066a,0x00400800,0x00000400,0x0001c982,0x00200003,0x0000000c,0x0000000f
136,P,158,154,46,20,548,2000,4,,0x90002e00,36,46,0x00000000,0x00000000,0x00000000,0x0000014f,0x0000066a,0x00400800,0x00000400,0x0001d882,0x00200003,0x0000000c,0x00000010
137,P,152,148,46,21,552,2000,5,,0x90002e00,36,46,0x00000000,0x00000000,0x00000000,0x0000014f,0x0000066a,0x00400800,0x00000400,0x0001e742,0x00200003,0x0000000c,0x00000011
138,P,108,104,46,22,556,2000,6,,0x90002e00,36,46,0x00000000,0x00000000,0x00000000,0x0000014f,0x0000066a,0x00400800,0x00000400,0x0001e782,0x00200003,0x0000000c,0x00000012
139,P,107,103,46,23,560,2000,7,,0x90002e00,36,46,0x00000000,0x00000000,0x00000000,0x0000014f,0x0000066a,0x00400800,0x00000400,0x0001e5c2,0x00200003,0x0000000c,0x00000013
140,P,97,93,46,24,564,2000,1,,0x90002e00,36,46,0x00000000,0x00000000,0x00000000,0x0000014f,0x0000066a,0x00400800,0x00000400,0x0001f082,0x00200003,0x0000000c,0x00000014
141,P,104,100,46,25,568,2000,2,,0x90002e00,36,46,0x00000000,0x00000000,0x00000000,0x0000014f,0x0000066a,0x00400800,0x00000400,0x0001ee42,0x00200003,0x0000000c,0x00000015
142,P,108,104,46,26,572,2000,3,,0x90002e00,36,46,0x00000000,0x00000000,0x00000000,0x0000014f,0x0000066a,0x00400800,0x00000400,0x0001efc2,0x00200003,0x0000000c,0x00000016
143,P,125,121,46,27,576,2000,4,,0x90002e00,36,46,0x00000000,0x00000000,0x00000000,0x0000014f,0x0000066a,0x00400800,0x00000400,0x0001efc2,0x00200003,0x0000000c,0x00000017
144,P,149,145,46,28,580,2000,5,,0x90002e00,36,46,0x00000000,0x00000000,0x00000000,0x0000014f,0x0000066a,0x00400800,0x00000400,0x0001f642,0x00200003,0x0000000c,0x00000018
145,P,146,142,46,29,584,2000,6,,0x90002e00,36,46,0x00000000,0x00000000,0x00000000,0x0000014f,0x0000066a,0x00400800,0x00000400,0x0001ff02,0x00200003,0x0000000c,0x00000019
146,P,149,145,46,28,588,2000,7,,0x90002e00,36,46,0x00000000,0x00000000,0x00000000,0x0000014f,0x0000066a,0x00400800,0x00000400,0x000207c2,0x00200003,0x0000000c,0x0000001a
147,P,118,114,46,27,592,2000,1,,0x90002e00,36,46,0x00000000,0x00000000,0x00000000,0x0000014f,0x0000066a,0x00400800,0x00000400,0x00020782,0x00200003,0x0000000c,0x0000001b
148,P,122,118,46,26,596,2000,2,,0x90002e00,36,46,0x00000000,0x00000000,0x00000000,0x0000014f,0x0000066a,0x00400800,0x00000400,0x00020d42,0x00200003,0x0000000c,0x0000001c
149,P,152,148,46,25,600,2000,3,,0x90002e00,36,46,0x00000000,0x00000000,0x00000000,0x0000014f,0x0000066a,0x00400800,0x00000400,0x000212c2,0x00200003,0x0000000c,0x0000001d
150,I,22063,21967,36,24,604,2000,4,,0x90002400,36,36,0x00000000,0x00000000,0x00000000,0x0000014f,0x00000662,0x049a9800,0x00001800,0x0004ba42,0x0020000b,0x0000000c,0x00000000
151,P,1043,1039,37,23,608,2000,5,,0x90002500,36,37,0x00000000,0x00000000,0x00000000,0x0000014f,0x0000066a,0x00400800,0x00000400,0x00021082,0x00200003,0x0000000c,0x00000001
152,P,521,517,39,22,612,2000,6,,0x90002700,36,39,0x00000000,0x00000000,0x00000000,0x0000014f,0x0000066a,0x0069d000,0x0035f800,0x000203c2,0x00200003,0x0000000c,0x00000002
153,P,321,317,41,21,616,2000,7,,0x90002900,36,41,0x00000000,0x00000000,0x00000000,0x0000014f,0x0000066a,0x00402000,0x00001400,0x0001e842,0x00200003,0x0000000c,0x00000003
154,P,342,338,42,20,620,2000,1,,0x90002a00,36,42,0x00000000,0x00000000,0x00000000,0x0000014f,0x0000066a,0x00400800,0x00000400,0x0001e2c2,0x00200003,0x0000000c,0x00000004
155,P,185,181,43,19,624,2000,2,,0x90002b00,36,43,0x00000000,0x00000000,0x00000000,0x0000014f,0x0000066a,0x00408800,0x00008000,0x0001e882,0x00200003,0x0000000c,0x00000005
156,P,136,132,44,18,628,2000,3,,0x90002c00,36,44,0x00000000,0x00000000,0x00000000,0x0000014f,0x0000066a,0x00400800,0x00000400,0x0001d042,0x00200003,0x0000000c,0x00000006
157,P,100,96,45,17,632,2000,4,,0x90002d00,36,45,0x00000000,0x00000000,0x00000000,0x0000014f,0x0000066a,0x00400800,0x00000400,0x0001d502,0x00200003,0x0000000c,0x00000007
158,P,93,89,46,16,636,2000,5,,0x90002e00,36,46,0x00000000,0x00000000,0x00000000,0x0000014f,0x0000066a,0x00400800,0x00000400,0x0001df02,0x00200003,0x0000000c,0x00000008
159,P,112,108,46,15,640,2000,6,,0x90002e00,36,46,0x00000000,0x00000000,0x00000000,0x0000014f,0x0000066a,0x00400800,0x00000400,0x0001dc82,0x00200003,0x0000000c,0x00000009
160,P,99,95,46,14,644,2000,7,,0x90002e00,36,46,0x00000000,0x00000000,0x00000000,0x0000014f,0x0000066a,0x00400800,0x00000400,0x0001de02,0x00200003,0x0000000c,0x0000000a
161,P,104,100,46,13,648,2000,1,,0x90002e00,36,46,0x00000000,0x00000000,0x00000000,0x0000014f,0x0000066a,0x00400800,0x00000400,0x0001e102,0x00200003,0x0000000c,0x0000000b
162,P,95,91,46,12,652,2000,2,,0x90002e00,36,46,0x00000000,0x00000000,0x00000000,0x0000014f,0x0000066a,0x00400800,0x00000400,0x0001e042,0x00200003,0x0000000c,0x0000000c
163,P,93,89,46,11,656,2000,3,,0x90002e00,36,46,0x00000000,0x00000000,0x00000000,0x0000014f,0x0000066a,0x00400800,0x00000400,0x0001e4c2,0x00200003,0x0000000c,0x0000000d
164,P,92,88,46,10,660,2000,4,,0x90002e00,36,46,0x00000000,0x00000000,0x00000000,0x0000014f,0x0000066a,0x00400800,0x00000400,0x0001e2c2,0x00200003,0x0000000c,0x0000000e
165,P,116,112,46,9,664,2000,5,,0x90002e00,36,46,0x00000000,0x00000000,0x00000000,0x0000014f,0x0000066a,0x00400800,0x00000400,0x0001e482,0x00200003,0x0000000c,0x0000000f
166,P,128,124,46,8,668,2000,6,,0x90002e00,36,46,0x00000000,0x00000000,0x00000000,0x0000014f,0x0000066a,0x00400800,0x00000400,0x0001e202,0x00200003,0x0000000c,0x00000010
167,P,163,159,46,7,672,2000,7,,0x90002e00,36,46,0x00000000,0x00000000,0x00000000,0x0000014f,0x0000066a,0x00400800,0x00000400,0x0001ea02,0x00200003,0x0000000c,0x00000011
168,P,116,112,46,6,676,2000,1,,0x90002e00,36,46,0x00000000,0x00000000,0x00000000,0x0000014f,0x0000066a,0x00400800,0x00000400,0x0001e282,0x00200003,0x0000000c,0x00000012
169,P,102,98,46,5,680,2000,2,,0x90002e00,36,46,0x00000000,0x00000000,0x00000000,0x0000014f,0x0000066a,0x00400800,0x00000400,0x0001e282,0x00200003,0x0000000c,0x00000013
170,P,97,93,46,4,684,2000,3,,0x90002e00,36,46,0x00000000,0x00000000,0x00000000,0x0000014f,0x0000066a,0x00400800,0x00000400,0x0001de02,0x00200003,0x0000000c,0x00000014
171,P,99,95,46,3,688,2000,4,,0x90002e00,36,46,0x00000000,0x00000000,0x00000000,0x0000014f,0x0000066a,0x00400800,0x00000400,0x0001ddc2,0x00200003,0x0000000c,0x00000015
172,P,93,89,46,2,692,2000,5,,0x90002e00,36,46,0x00000000,0x00000000,0x00000000,0x0000014f,0x0000066a,0x00400800,0x00000400,0x0001e0c2,0x00200003,0x0000000c,0x00000016
173,P,97,93,46,1,696,2000,6,,0x90002e00,36,46,0x00000000,0x00000000,0x00000000,0x0000014f,0x0000066a,0x00400800,0x00000400,0x0001dec2,0x00200003,0x0000000c,0x00000017
174,P,104,100,46,0,700,2000,7,,0x90002e00,36,46,0x00000000,0x00000000,0x00000000,0x0000014f,0x0000066a,0x00400800,0x00000400,0x0001e4c2,0x00200003,0x0000000c,0x00000018
175,P,104,100,46,1,704,2000,1,,0x90002e00,36,46,0x00000000,0x00000000,0x00000000,0x0000014f,0x0000066a,0x00400800,0x00000400,0x0001e142,0x00200003,0x0000000c,0x00000019
176,P,96,92,46,2,708,2000,2,,0x90002e00,36,46,0x00000000,0x00000000,0x00000000,0x0000014f,0x0000066a,0x00400800,0x00000400,0x0001e142,0x00200003,0x0000000c,0x0000001a
177,P,109,105,46,3,712,2000,3,,0x90002e00,36,46,0x00000000,0x00000000,0x00000000,0x0000014f,0x0000066a,0x00400800,0x00000400,0x0001e542,0x00200003,0x0000000c,0x0000001b
178,P,93,89,46,4,716,2000,4,,0x90002e00,36,46,0x00000000,0x00000000,0x00000000,0x0000014f,0x0000066a,0x00400800,0x00000400,0x0001ea42,0x00200003,0x0000000c,0x0000001c
179,P,90,86,46,5,720,2000,5,,0x90002e00,36,46,0x00000000,0x00000000,0x00000000,0x0000014f,0x0000066a,0x00400800,0x00000400,0x0001ee42,0x00200003,0x0000000c,0x0000001d
180,I,22204,22108,36,6,724,2000,6,,0x90002400,36,36,0x00000000,0x00000000,0x00000000,0x0000014f,0x00000662,0x04998000,0x00003800,0x0004f242,0x0020000b,0x0000000c,0x00000000
181,P,974,970,37,7,728,2000,7,,0x90002500,36,37,0x00000000,0x00000000,0x00000000,0x0000014f,0x0000066a,0x00400800,0x00000400,0x0001ec82,0x00200003,0x0000000c,0x00000001
182,P,323,319,39,8,732,2000,1,,0x90002700,36,39,0x00000000,0x00000000,0x00000000,0x0000014f,0x0000066a,0x007b1800,0x001b1000,0x0001e842,0x00200003,0x0000000c,0x00000002
183,P,221,217,40,9,736,2000,2,,0x90002800,36,40,0x00000000,0x00000000,0x00000000,0x0000014f,0x0000066a,0x00400800,0x00000800,0x0001cd42,0x00200003,0x0000000c,0x00000003
184,P,255,251,41,10,740,2000,3,,0x90002900,36,41,0x00000000,0x00000000,0x00000000,0x0000014f,0x0000066a,0x00400800,0x00000400,0x0001c202,0x00200003,0x0000000c,0x00000004
185,P,218,214,42,11,744,2000,4,,0x90002a00,36,42,0x00000000,0x00000000,0x00000000,0x0000014f,0x0000066a,0x00400800,0x00000400,0x0001c582,0x00200003,0x0000000c,0x00000005
186,P,274,270,43,12,748,2000,5,,0x90002b00,36,43,0x00000000,0x00000000,0x00000000,0x0000014f,0x0000066a,0x00400800,0x00000400,0x0001c3c2,0x00200003,0x0000000c,0x00000006
187,P,137,133,44,13,752,2000,6,,0x90002c00,36,44,0x00000000,0x00000000,0x00000000,0x0000014f,0x0000066a,0x00402800,0x00002000,0x0001d102,0x00200003,0x0000000c,0x00000007
188,P,91,87,45,14,756,2000,7,,0x90002d00,36,45,0x00000000,0x00000000,0x00000000,0x0000014f,0x0000066a,0x00400800,0x00000400,0x0001bd82,0x00200003,0x0000000c,0x00000008
189,P,79,75,46,15,760,2000,1,,0x90002e00,36,46,0x00000000,0x00000000,0x00000000,0x0000014f,0x0000066a,0x00400800,0x00000400,0x0001c282,0x00200003,0x0000000c,0x00000009
190,P,79,75,46,16,764,2000,2,,0x90002e00,36,46,0x00000000,0x00000000,0x00000000,0x0000014f,0x0000066a,0x00400800,0x00000400,0x0001c182,0x00200003,0x0000000c,0x0000000a
191,P,87,83,46,17,768,2000,3,,0x90002e00,36,46,0x00000000,0x00000000,0x00000000,0x0000014f,0x0000066a,0x00400800,0x00000400,0x0001c602,0x00200003,0x0000000c,0x0000000b
192,P,83,79,46,18,772,2000,4,,0x90002e00,36,46,0x00000000,0x00000000,0x00000000,0x0000014f,0x0000066a,0x00400800,0x00000400,0x0001c502,0x00200003,0x0000000c,0x0000000c
193,P,96,92,46,19,776,2000,5,,0x90002e00,36,46,0x00000000,0x00000000,0x00000000,0x0000014f,0x0000066a,0x00400800,0x00000400,0x0001c6c2,0x00200003,0x0000000c,0x0000000d
194,P,115,111,46,20,780,2000,6,,0x90002e00,36,46,0x00000000,0x00000000,0x00000000,0x0000014f,0x0000066a,0x00400800,0x00000400,0x0001c842,0x00200003,0x0000000c,0x0000000e
195,P,93,89,46,21,784,2000,7,,0x90002e00,36,46,0x00000000,0x00000000,0x00000000,0x0000014f,0x0000066a,0x00400800,0x00000400,0x0001c942,0x00200003,0x0000000c,0x0000000f
196,P,99,95,46,22,788,2000,1,,0x90002e00,36,46,0x00000000,0x00000000,0x00000000,0x0000014f,0x0000066a,0x00400800,0x00000400,0x0001c882,0x00200003,0x0000000c,0x00000010
197,P,90,86,46,23,792,2000,2,,0x90002e00,36,46,0x00000000,0x00000000,0x00000000,0x0000014f,0x0000066a,0x00400800,0x00000400,0x0001cf42,0x00200003,0x0000000c,0x00000011
198,P,84,80,46,24,796,2000,3,,0x90002e00,36,46,0x00000000,0x00000000,0x00000000,0x0000014f,0x0000066a,0x00400800,0x00000400,0x0001c882,0x00200003,0x0000000c,0x00000012
199,P,81,77,46,25,800,2000,4,,0x90002e00,36,46,0x00000000,0x00000000,0x00000000,0x0000014f,0x0000066a,0x00400800,0x00000400,0x0001ca82,0x00200003,0x0000000c,0x00000013
200,P,81,77,46,26,804,2000,5,,0x90002e00,36,46,0x00000000,0x00000000,0x00000000,0x0000014f,0x0000066a,0x00400800,0x00000400,0x0001c802,0x00200003,0x0000000c,0x00000014
201,P,79,75,46,27,808,2000,6,,0x90002e00,36,46,0x00000000,0x00000000,0x00000000,0x0000014f,0x0000066a,0x00400800,0x00000400,0x0001c8c2,0x00200003,0x0000000c,0x00000015
202,P,103,99,46,28,812,2000,7,,0x90002e00,36,46,0x00000000,0x00000000,0x00000000,0x0000014f,0x0000066a,0x00400800,0x00000400,0x0001c882,0x00200003,0x0000000c,0x00000016
203,P,95,91,46,29,816,2000,1,,0x90002e00,36,46,0x00000000,0x00000000,0x00000000,0x0000014f,0x0000066a,0x00400800,0x00000400,0x0001cc82,0x00200003,0x0000000c,0x00000017
204,P,100,96,46,28,820,2000,2,,0x90002e00,36,46,0x00000000,0x00000000,0x00000000,0x0000014f,0x0000066a,0x00400800,0x00000400,0x0001cb82,0x00200003,0x0000000c,0x00000018
205,P,98,94,46,27,824,2000,3,,0x90002e00,36,46,0x00000000,0x00000000,0x00000000,0x0000014f,0x0000066a,0x00400800,0x00000400,0x0001d202,0x00200003,0x0000000c,0x00000019
206,P,87,83,46,26,828,2000,4,,0x90002e00,36,46,0x00000000,0x00000000,0x00000000,0x0000014f,0x0000066a,0x00400800,0x00000400,0x0001d602,0x00200003,0x0000000c,0x0000001a
207,P,90,86,46,25,832,2000,5,,0x90002e00,36,46,0x00000000,0x00000000,0x00000000,0x0000014f,0x0000066a,0x00400800,0x00000400,0x0001d602,0x00200003,0x0000000c,0x0000001b
208,P,83,79,46,24,836,2000,6,,0x90002e00,36,46,0x00000000,0x00000000,0x00000000,0x0000014f,0x0000066a,0x00400800,0x00000400,0x0001d842,0x00200003,0x0000000c,0x0000001c
209,P,96,92,46,23,840,2000,7,,0x90002e00,36,46,0x00000000,0x00000000,0x00000000,0x0000014f,0x0000066a,0x00400800,0x00000400,0x0001db42,0x00200003,0x0000000c,0x0000001d
210,I,22128,22032,36,22,844,2000,1,,0x90002400,36,36,0x00000000,0x00000000,0x00000000,0x0000014f,0x00000662,0x05846000,0x00003000,0x0004b0c2,0x0020000b,0x0000000c,0x00000000
211,P,788,784,37,21,848,2000,2,,0x90002500,36,37,0x00000000,0x00000000,0x00000000,0x0000014f,0x0000066a,0x00400800,0x00000400,0x0001d9c2,0x00200003,0x0000000c,0x00000001
212,P,356,352,39,20,852,2000,3,,0x90002700,36,39,0x00000000,0x00000000,0x00000000,0x0000014f,0x0000066a,0x00483800,0x00014000,0x0001e1c2,0x00200003,0x0000000c,0x00000002
213,P,352,348,40,19,856,2000,4,,0x90002800,36,40,0x00000000,0x00000000,0x00000000,0x0000014f,0x0000066a,0x00403000,0x00003000,0x0001d0c2,0x00200003,0x0000000c,0x00000003
214,P,272,268,41,18,860,2000,5,,0x90002900,36,41,0x00000000,0x00000000,0x00000000,0x0000014f,0x0000066a,0x00400800,0x00000400,0x0001d842,0x00200003,0x0000000c,0x00000004
215,P,258,254,42,17,864,2000,6,,0x90002a00,36,42,0x00000000,0x00000000,0x00000000,0x0000014f,0x0000066a,0x00400800,0x00000400,0x0001d382,0x00200003,0x0000000c,0x00000005
216,P,183,179,43,16,868,2000,7,,0x90002b00,36,43,0x00000000,0x00000000,0x00000000,0x0000014f,0x0000066a,0x00400800,0x00000400,0x0001cac2,0x00200003,0x0000000c,0x00000006
217,P,111,107,44,15,872,2000,1,,0x90002c00,36,44,0x00000000,0x00000000,0x00000000,0x0000014f,0x0000066a,0x00400800,0x00000400,0x0001bc82,0x00200003,0x0000000c,0x00000007
218,P,104,100,45,14,876,2000,2,,0x90002d00,36,45,0x00000000,0x00000000,0x00000000,0x0000014f,0x0000066a,0x00400800,0x00000400,0x0001b802,0x00200003,0x0000000c,0x00000008
219,P,82,78,46,13,880,2000,3,,0x90002e00,36,46,0x00000000,0x00000000,0x00000000,0x0000014f,0x0000066a,0x00400800,0x00000400,0x0001b902,0x00200003,0x0000000c,0x00000009
220,P,81,77,46,12,884,2000,4,,0x90002e00,36,46,0x00000000,0x00000000,0x00000000,0x0000014f,0x0000066a,0x00400800,0x00000400,0x0001b942,0x00200003,0x0000000c,0x0000000a
221,P,83,79,46,11,888,2000,5,,0x90002e00,36,46,0x00000000,0x00000000,0x00000000,0x0000014f,0x0000066a,0x00400800,0x00000400,0x0001bb02,0x00200003,0x0000000c,0x0000000b
222,P,113,109,46,10,892,2000,6,,0x90002e00,36,46,0x00000000,0x00000000,0x00000000,0x0000014f,0x0000066a,0x00400800,0x00000400,0x0001be42,0x00200003,0x0000000c,0x0000000c
223,P,101,97,46,9,896,2000,7,,0x90002e00,36,46,0x00000000,0x00000000,0x00000000,0x0000014f,0x0000066a,0x00400800,0x00000400,0x0001c202,0x00200003,0x0000000c,0x0000000d
224,P,120,116,46,8,900,2000,1,,0x90002e00,36,46,0x00000000,0x00000000,0x00000000,0x0000014f,0x0000066a,0x00400800,0x00000400,0x0001c942,0x00200003,0x0000000c,0x0000000e
225,P,98,94,46,7,904,2000,2,,0x90002e00,36,46,0x00000000,0x00000000,0x00000000,0x0000014f,0x0000066a,0x00400800,0x00000400,0x0001cc42,0x00200003,0x0000000c,0x0000000f
226,P,81,77,46,6,908,2000,3,,0x90002e00,36,46,0x00000000,0x00000000,0x00000000,0x0000014f,0x0000066a,0x00400800,0x00000400,0x0001c942,0x00200003,0x0000000c,0x00000010
227,P,75,71,46,5,912,2000,4,,0x90002e00,36,46,0x00000000,0x00000000,0x00000000,0x0000014f,0x0000066a,0x00400800,0x00000400,0x0001c942,0x00200003,0x0000000c,0x00000011
228,P,85,81,46,4,916,2000,5,,0x90002e00,36,46,0x00000000,0x00000000,0x00000000,0x0000014f,0x0000066a,0x00400800,0x00000400,0x0001ce42,0x00200003,0x0000000c,0x00000012
229,P,85,81,46,3,920,2000,6,,0x90002e00,36,46,0x00000000,0x00000000,0x00000000,0x0000014f,0x0000066a,0x00400800,0x00000400,0x0001d102,0x00200003,0x0000000c,0x00000013
230,P,92,88,46,2,924,2000,7,,0x90002e00,36,46,0x00000000,0x00000000,0x00000000,0x0000014f,0x0000066a,0x00400800,0x00000400,0x0001cfc2,0x00200003,0x0000000c,0x00000014
231,P,104,100,46,1,928,2000,1,,0x90002e00,36,46,0x00000000,0x00000000,0x00000000,0x0000014f,0x0000066a,0x00400800,0x00000400,0x0001cf02,0x00200003,0x0000000c,0x00000015
232,P,93,89,46,0,932,2000,2,,0x90002e00,36,46,0x00000000,0x00000000,0x00000000,0x0000014f,0x0000066a,0x00400800,0x00000400,0x0001d2c2,0x00200003,0x0000000c,0x00000016
233,P,82,78,46,1,936,2000,3,,0x90002e00,36,46,0x00000000,0x00000000,0x00000000,0x0000014f,0x0000066a,0x00400800,0x00000400,0x0001d502,0x00200003,0x0000000c,0x00000017
234,P,106,102,46,2,940,2000,4,,0x90002e00,36,46,0x00000000,0x00000000,0x00000000,0x0000014f,0x0000066a,0x00400800,0x00000400,0x0001d5c2,0x00200003,0x0000000c,0x00000018
235,P,96,92,46,3,944,2000,5,,0x90002e00,36,46,0x00000000,0x00000000,0x00000000,0x0000014f,0x0000066a,0x00400800,0x00000400,0x0001da02,0x00200003,0x0000000c,0x00000019
236,P,84,80,46,4,948,2000,6,,0x90002e00,36,46,0x00000000,0x00000000,0x00000000,0x0000014f,0x0000066a,0x00400800,0x00000400,0x0001d942,0x00200003,0x0000000c,0x0000001a
237,P,102,98,46,5,952,2000,7,,0x90002e00,36,46,0x00000000,0x00000000,0x00000000,0x0000014f,0x0000066a,0x00400800,0x00000400,0x0001d9c2,0x00200003,0x0000000c,0x0000001b
238,P,85,81,46,6,956,2000,1,,0x90002e00,36,46,0x00000000,0x00000000,0x00000000,0x0000014f,0x0000066a,0x00400800,0x00000400,0x0001d902,0x00200003,0x0000000c,0x0000001c
239,P,83,79,46,7,960,2000,2,,0x90002e00,36,46,0x00000000,0x00000000,0x00000000,0x0000014f,0x0000066a,0x00400800,0x00000400,0x0001d882,0x00200003,0x0000000c,0x0000001d
